"DateTime";"Players"
"2021-05-17 20:30:00";15290
"2021-05-17 20:40:00";14943
"2021-05-17 20:50:00";14397
"2021-05-17 21:00:00";14089
"2021-05-17 21:10:00";12917
"2021-05-17 21:20:00";12274
"2021-05-17 21:30:00";11524
"2021-05-17 21:40:00";10992
"2021-05-17 21:50:00";10520
"2021-05-17 22:00:00";9975
"2021-05-17 22:10:00";9396
"2021-05-17 22:20:00";9110
"2021-05-17 22:30:00";8672
"2021-05-17 22:40:00";8460
"2021-05-17 22:50:00";8235
"2021-05-17 23:00:00";8097
"2021-05-17 23:10:00";7936
"2021-05-17 23:20:00";7817
"2021-05-17 23:30:00";7690
"2021-05-17 23:40:00";7683
"2021-05-17 23:50:00";7654
"2021-05-18 00:00:00";7690
"2021-05-18 00:10:00";7819
"2021-05-18 00:20:00";7964
"2021-05-18 00:30:00";8061
"2021-05-18 00:40:00";8141
"2021-05-18 00:50:00";8275
"2021-05-18 01:00:00";8334
"2021-05-18 01:10:00";8471
"2021-05-18 01:20:00";8594
"2021-05-18 01:30:00";8693
"2021-05-18 01:40:00";8747
"2021-05-18 01:50:00";8876
"2021-05-18 02:00:00";8894
"2021-05-18 02:10:00";8855
"2021-05-18 02:20:00";8747
"2021-05-18 02:30:00";8751
"2021-05-18 02:40:00";8735
"2021-05-18 02:50:00";8711
"2021-05-18 03:00:00";8587
"2021-05-18 03:10:00";8380
"2021-05-18 03:20:00";8233
"2021-05-18 03:30:00";8031
"2021-05-18 03:40:00";7847
"2021-05-18 03:50:00";7629
"2021-05-18 04:00:00";7454
"2021-05-18 04:10:00";7199
"2021-05-18 04:20:00";7141
"2021-05-18 04:30:00";6956
"2021-05-18 04:40:00";6845
"2021-05-18 04:50:00";6757
"2021-05-18 05:00:00";6600
"2021-05-18 05:10:00";6277
"2021-05-18 05:20:00";6087
"2021-05-18 05:30:00";5848
"2021-05-18 05:40:00";5710
"2021-05-18 05:50:00";5433
"2021-05-18 06:00:00";5244
"2021-05-18 06:10:00";4969
"2021-05-18 06:20:00";4916
"2021-05-18 06:30:00";4868
"2021-05-18 06:40:00";4780
"2021-05-18 06:50:00";4782
"2021-05-18 07:00:00";4761
"2021-05-18 07:10:00";4791
"2021-05-18 07:20:00";4745
"2021-05-18 07:30:00";4637
"2021-05-18 07:40:00";4641
"2021-05-18 07:50:00";4644
"2021-05-18 08:00:00";4662
"2021-05-18 08:10:00";4680
"2021-05-18 08:20:00";4678
"2021-05-18 08:30:00";4732
"2021-05-18 08:40:00";4747
"2021-05-18 08:50:00";4671
"2021-05-18 09:00:00";4621
"2021-05-18 09:10:00";4628
"2021-05-18 09:20:00";4609
"2021-05-18 09:30:00";4645
"2021-05-18 09:40:00";4723
"2021-05-18 09:50:00";4791
"2021-05-18 10:00:00";4813
"2021-05-18 10:10:00";4769
"2021-05-18 10:20:00";4911
"2021-05-18 10:30:00";5002
"2021-05-18 10:40:00";5110
"2021-05-18 10:50:00";5188
"2021-05-18 11:00:00";5322
"2021-05-18 11:10:00";5466
"2021-05-18 11:20:00";5529
"2021-05-18 11:30:00";5656
"2021-05-18 11:40:00";5790
"2021-05-18 11:50:00";6098
"2021-05-18 12:00:00";6405
"2021-05-18 12:10:00";6889
"2021-05-18 12:20:00";7223
"2021-05-18 12:30:00";7536
"2021-05-18 12:40:00";7895
"2021-05-18 12:50:00";8253
"2021-05-18 13:00:00";8841
"2021-05-18 13:10:00";9422
"2021-05-18 13:20:00";9751
"2021-05-18 13:30:00";10087
"2021-05-18 13:40:00";10485
"2021-05-18 13:50:00";10782
"2021-05-18 14:00:00";11148
"2021-05-18 14:10:00";11386
"2021-05-18 14:20:00";11591
"2021-05-18 14:30:00";11848
"2021-05-18 14:40:00";11936
"2021-05-18 14:50:00";11962
"2021-05-18 15:00:00";12002
"2021-05-18 15:10:00";11910
"2021-05-18 15:20:00";11794
"2021-05-18 15:30:00";11655
"2021-05-18 15:40:00";11577
"2021-05-18 15:50:00";11462
"2021-05-18 16:00:00";11332
"2021-05-18 16:10:00";11117
"2021-05-18 16:20:00";10928
"2021-05-18 16:30:00";10645
"2021-05-18 16:40:00";10617
"2021-05-18 16:50:00";10644
"2021-05-18 17:00:00";10626
"2021-05-18 17:10:00";10634
"2021-05-18 17:20:00";10743
"2021-05-18 17:30:00";10784
"2021-05-18 17:40:00";10915
"2021-05-18 17:50:00";11111
"2021-05-18 18:00:00";11337
"2021-05-18 18:10:00";11883
"2021-05-18 18:20:00";12227
"2021-05-18 18:30:00";12692
"2021-05-18 18:40:00";12823
"2021-05-18 18:50:00";13580
"2021-05-18 19:00:00";13865
"2021-05-18 19:10:00";14457
"2021-05-18 19:20:00";14926
"2021-05-18 19:30:00";15178
"2021-05-18 19:40:00";15446
"2021-05-18 19:50:00";15523
"2021-05-18 20:00:00";15409
"2021-05-18 20:10:00";15152
"2021-05-18 20:20:00";14843
"2021-05-18 20:30:00";14437
"2021-05-18 20:40:00";14279
"2021-05-18 20:50:00";13759
"2021-05-18 21:00:00";13308
"2021-05-18 21:10:00";12407
"2021-05-18 21:20:00";12062
"2021-05-18 21:30:00";11478
"2021-05-18 21:40:00";10924
"2021-05-18 21:50:00";10464
"2021-05-18 22:00:00";10047
"2021-05-18 22:10:00";9556
"2021-05-18 22:20:00";9237
"2021-05-18 22:30:00";8884
"2021-05-18 22:40:00";8639
"2021-05-18 22:50:00";8510
"2021-05-18 23:00:00";8184
"2021-05-18 23:10:00";8071
"2021-05-18 23:20:00";2016
"2021-05-18 23:30:00";4007
"2021-05-18 23:40:00";7568
"2021-05-18 23:50:00";7838
"2021-05-19 00:00:00";7918
"2021-05-19 00:10:00";7938
"2021-05-19 00:20:00";8051
"2021-05-19 00:30:00";8181
"2021-05-19 00:40:00";8377
"2021-05-19 00:50:00";8551
"2021-05-19 01:00:00";8638
"2021-05-19 01:10:00";8803
"2021-05-19 01:20:00";8985
"2021-05-19 01:30:00";9181
"2021-05-19 01:40:00";9190
"2021-05-19 01:50:00";9099
"2021-05-19 02:00:00";9074
"2021-05-19 02:10:00";8984
"2021-05-19 02:20:00";9100
"2021-05-19 02:30:00";9167
"2021-05-19 02:40:00";9160
"2021-05-19 02:50:00";9114
"2021-05-19 03:00:00";9089
"2021-05-19 03:10:00";8838
"2021-05-19 03:20:00";8780
"2021-05-19 03:30:00";8710
"2021-05-19 03:40:00";8462
"2021-05-19 03:50:00";8297
"2021-05-19 04:00:00";7996
"2021-05-19 04:10:00";7728
"2021-05-19 04:20:00";7473
"2021-05-19 04:30:00";7256
"2021-05-19 04:40:00";7020
"2021-05-19 04:50:00";6882
"2021-05-19 05:00:00";6701
"2021-05-19 05:10:00";6449
"2021-05-19 05:20:00";6267
"2021-05-19 05:30:00";6078
"2021-05-19 05:40:00";5929
"2021-05-19 05:50:00";5690
"2021-05-19 06:00:00";5593
"2021-05-19 06:10:00";5469
"2021-05-19 06:20:00";5407
"2021-05-19 06:30:00";5365
"2021-05-19 06:40:00";5396
"2021-05-19 06:50:00";5339
"2021-05-19 07:00:00";5210
"2021-05-19 07:10:00";5105
"2021-05-19 07:20:00";5043
"2021-05-19 07:30:00";4913
"2021-05-19 07:40:00";4888
"2021-05-19 07:50:00";4895
"2021-05-19 08:00:00";4821
"2021-05-19 08:10:00";4851
"2021-05-19 08:20:00";4874
"2021-05-19 08:30:00";4857
"2021-05-19 08:40:00";4944
"2021-05-19 08:50:00";4913
"2021-05-19 09:00:00";4943
"2021-05-19 09:10:00";4883
"2021-05-19 09:20:00";4878
"2021-05-19 09:30:00";4919
"2021-05-19 09:40:00";4987
"2021-05-19 09:50:00";4956
"2021-05-19 10:00:00";4930
"2021-05-19 10:10:00";4897
"2021-05-19 10:20:00";4854
"2021-05-19 10:30:00";4956
"2021-05-19 10:40:00";5087
"2021-05-19 10:50:00";5171
"2021-05-19 11:00:00";5289
"2021-05-19 11:10:00";5464
"2021-05-19 11:20:00";5550
"2021-05-19 11:30:00";5766
"2021-05-19 11:40:00";5990
"2021-05-19 11:50:00";6216
"2021-05-19 12:00:00";6641
"2021-05-19 12:10:00";7215
"2021-05-19 12:20:00";7628
"2021-05-19 12:30:00";8002
"2021-05-19 12:40:00";8538
"2021-05-19 12:50:00";8962
"2021-05-19 13:00:00";9419
"2021-05-19 13:10:00";9922
"2021-05-19 13:20:00";10384
"2021-05-19 13:30:00";10765
"2021-05-19 13:40:00";11234
"2021-05-19 13:50:00";11489
"2021-05-19 14:00:00";11566
"2021-05-19 14:10:00";11729
"2021-05-19 14:20:00";11729
"2021-05-19 14:30:00";11876
"2021-05-19 14:40:00";11990
"2021-05-19 14:50:00";12061
"2021-05-19 15:00:00";11866
"2021-05-19 15:10:00";11714
"2021-05-19 15:20:00";11460
"2021-05-19 15:30:00";11244
"2021-05-19 15:40:00";11137
"2021-05-19 15:50:00";10845
"2021-05-19 16:00:00";10682
"2021-05-19 16:10:00";10526
"2021-05-19 16:20:00";10439
"2021-05-19 16:30:00";10378
"2021-05-19 16:40:00";10283
"2021-05-19 16:50:00";10221
"2021-05-19 17:00:00";10071
"2021-05-19 17:10:00";10113
"2021-05-19 17:20:00";10287
"2021-05-19 17:30:00";10435
"2021-05-19 17:40:00";10526
"2021-05-19 17:50:00";10810
"2021-05-19 18:00:00";11142
"2021-05-19 18:10:00";11629
"2021-05-19 18:20:00";12079
"2021-05-19 18:30:00";12673
"2021-05-19 18:40:00";13243
"2021-05-19 18:50:00";13635
"2021-05-19 19:00:00";14064
"2021-05-19 19:10:00";14641
"2021-05-19 19:20:00";14957
"2021-05-19 19:30:00";15195
"2021-05-19 19:40:00";15483
"2021-05-19 19:50:00";15545
"2021-05-19 20:00:00";15504
"2021-05-19 20:10:00";15316
"2021-05-19 20:20:00";15175
"2021-05-19 20:30:00";14824
"2021-05-19 20:40:00";14373
"2021-05-19 20:50:00";13953
"2021-05-19 21:00:00";13453
"2021-05-19 21:10:00";12815
"2021-05-19 21:20:00";12149
"2021-05-19 21:30:00";11584
"2021-05-19 21:40:00";10938
"2021-05-19 21:50:00";10395
"2021-05-19 22:00:00";9813
"2021-05-19 22:10:00";9459
"2021-05-19 22:20:00";9051
"2021-05-19 22:30:00";8764
"2021-05-19 22:40:00";8496
"2021-05-19 22:50:00";8198
"2021-05-19 23:00:00";7996
"2021-05-19 23:10:00";7786
"2021-05-19 23:20:00";7592
"2021-05-19 23:30:00";7540
"2021-05-19 23:40:00";7660
"2021-05-19 23:50:00";7639
"2021-05-20 00:00:00";7560
"2021-05-20 00:10:00";7680
"2021-05-20 00:20:00";7868
"2021-05-20 00:30:00";7931
"2021-05-20 00:40:00";8042
"2021-05-20 00:50:00";8261
"2021-05-20 01:00:00";8270
"2021-05-20 01:10:00";8398
"2021-05-20 01:20:00";8617
"2021-05-20 01:30:00";8643
"2021-05-20 01:40:00";8594
"2021-05-20 01:50:00";8707
"2021-05-20 02:00:00";8661
"2021-05-20 02:10:00";8602
"2021-05-20 02:20:00";8514
"2021-05-20 02:30:00";8565
"2021-05-20 02:40:00";8557
"2021-05-20 02:50:00";8443
"2021-05-20 03:00:00";8215
"2021-05-20 03:10:00";8044
"2021-05-20 03:20:00";7880
"2021-05-20 03:30:00";7872
"2021-05-20 03:40:00";7769
"2021-05-20 03:50:00";7708
"2021-05-20 04:00:00";7591
"2021-05-20 04:10:00";7362
"2021-05-20 04:20:00";7185
"2021-05-20 04:30:00";7030
"2021-05-20 04:40:00";6844
"2021-05-20 04:50:00";6707
"2021-05-20 05:00:00";6494
"2021-05-20 05:10:00";6255
"2021-05-20 05:20:00";6009
"2021-05-20 05:30:00";5844
"2021-05-20 05:40:00";5698
"2021-05-20 05:50:00";5529
"2021-05-20 06:00:00";5284
"2021-05-20 06:10:00";5045
"2021-05-20 06:20:00";4928
"2021-05-20 06:30:00";4850
"2021-05-20 06:40:00";4712
"2021-05-20 06:50:00";4627
"2021-05-20 07:00:00";4578
"2021-05-20 07:10:00";4465
"2021-05-20 07:20:00";4461
"2021-05-20 07:30:00";4467
"2021-05-20 07:40:00";4494
"2021-05-20 07:50:00";4488
"2021-05-20 08:00:00";4405
"2021-05-20 08:10:00";4329
"2021-05-20 08:20:00";4467
"2021-05-20 08:30:00";4506
"2021-05-20 08:40:00";4474
"2021-05-20 08:50:00";4499
"2021-05-20 09:00:00";4514
"2021-05-20 09:10:00";4509
"2021-05-20 09:20:00";4511
"2021-05-20 09:30:00";4583
"2021-05-20 09:40:00";4630
"2021-05-20 09:50:00";4635
"2021-05-20 10:00:00";4642
"2021-05-20 10:10:00";4689
"2021-05-20 10:20:00";4748
"2021-05-20 10:30:00";4828
"2021-05-20 10:40:00";4875
"2021-05-20 10:50:00";4998
"2021-05-20 11:00:00";5142
"2021-05-20 11:10:00";5355
"2021-05-20 11:20:00";5486
"2021-05-20 11:30:00";5618
"2021-05-20 11:40:00";5731
"2021-05-20 11:50:00";5906
"2021-05-20 12:00:00";6215
"2021-05-20 12:10:00";6738
"2021-05-20 12:20:00";7049
"2021-05-20 12:30:00";7406
"2021-05-20 12:40:00";7755
"2021-05-20 12:50:00";8080
"2021-05-20 13:00:00";8568
"2021-05-20 13:10:00";9159
"2021-05-20 13:20:00";9540
"2021-05-20 13:30:00";9913
"2021-05-20 13:40:00";10195
"2021-05-20 13:50:00";10549
"2021-05-20 14:00:00";10743
"2021-05-20 14:10:00";11067
"2021-05-20 14:20:00";11099
"2021-05-20 14:30:00";11320
"2021-05-20 14:40:00";11381
"2021-05-20 14:50:00";11518
"2021-05-20 15:00:00";11519
"2021-05-20 15:10:00";11435
"2021-05-20 15:20:00";11216
"2021-05-20 15:30:00";10896
"2021-05-20 15:40:00";10639
"2021-05-20 15:50:00";10531
"2021-05-20 16:00:00";10312
"2021-05-20 16:10:00";10085
"2021-05-20 16:20:00";9982
"2021-05-20 16:30:00";9919
"2021-05-20 16:40:00";9707
"2021-05-20 16:50:00";9701
"2021-05-20 17:00:00";9697
"2021-05-20 17:10:00";9609
"2021-05-20 17:20:00";9731
"2021-05-20 17:30:00";9913
"2021-05-20 17:40:00";9880
"2021-05-20 17:50:00";10264
"2021-05-20 18:00:00";10617
"2021-05-20 18:10:00";11292
"2021-05-20 18:20:00";11910
"2021-05-20 18:30:00";12420
"2021-05-20 18:40:00";12915
"2021-05-20 18:50:00";13118
"2021-05-20 19:00:00";13537
"2021-05-20 19:10:00";14141
"2021-05-20 19:20:00";14643
"2021-05-20 19:30:00";14840
"2021-05-20 19:40:00";15063
"2021-05-20 19:50:00";15057
"2021-05-20 20:00:00";14952
"2021-05-20 20:10:00";14886
"2021-05-20 20:20:00";14807
"2021-05-20 20:30:00";14504
"2021-05-20 20:40:00";14174
"2021-05-20 20:50:00";13929
"2021-05-20 21:00:00";13075
"2021-05-20 21:10:00";12728
"2021-05-20 21:20:00";12250
"2021-05-20 21:30:00";11787
"2021-05-20 21:40:00";11152
"2021-05-20 21:50:00";10584
"2021-05-20 22:00:00";10092
"2021-05-20 22:10:00";9548
"2021-05-20 22:20:00";9093
"2021-05-20 22:30:00";8581
"2021-05-20 22:40:00";8581
"2021-05-20 22:50:00";8308
"2021-05-20 23:00:00";8028
"2021-05-20 23:10:00";7899
"2021-05-20 23:20:00";7919
"2021-05-20 23:30:00";7820
"2021-05-20 23:40:00";7722
"2021-05-20 23:50:00";7767
"2021-05-21 00:00:00";7835
"2021-05-21 00:10:00";7943
"2021-05-21 00:20:00";7938
"2021-05-21 00:30:00";8042
"2021-05-21 00:40:00";8079
"2021-05-21 00:50:00";8378
"2021-05-21 01:00:00";8510
"2021-05-21 01:10:00";8601
"2021-05-21 01:20:00";8775
"2021-05-21 01:30:00";8838
"2021-05-21 01:40:00";9088
"2021-05-21 01:50:00";9145
"2021-05-21 02:00:00";9129
"2021-05-21 02:10:00";9083
"2021-05-21 02:20:00";9096
"2021-05-21 02:30:00";8997
"2021-05-21 02:40:00";8928
"2021-05-21 02:50:00";8944
"2021-05-21 03:00:00";8814
"2021-05-21 03:10:00";8533
"2021-05-21 03:20:00";8312
"2021-05-21 03:30:00";8118
"2021-05-21 03:40:00";7952
"2021-05-21 03:50:00";7824
"2021-05-21 04:00:00";7670
"2021-05-21 04:10:00";7354
"2021-05-21 04:20:00";7175
"2021-05-21 04:30:00";7018
"2021-05-21 04:40:00";6742
"2021-05-21 04:50:00";6490
"2021-05-21 05:00:00";6245
"2021-05-21 05:10:00";6036
"2021-05-21 05:20:00";5947
"2021-05-21 05:30:00";5745
"2021-05-21 05:40:00";5567
"2021-05-21 05:50:00";5472
"2021-05-21 06:00:00";5318
"2021-05-21 06:10:00";5161
"2021-05-21 06:20:00";4976
"2021-05-21 06:30:00";4964
"2021-05-21 06:40:00";4855
"2021-05-21 06:50:00";4825
"2021-05-21 07:00:00";4715
"2021-05-21 07:10:00";4642
"2021-05-21 07:20:00";4531
"2021-05-21 07:30:00";4561
"2021-05-21 07:40:00";4552
"2021-05-21 07:50:00";4546
"2021-05-21 08:00:00";4590
"2021-05-21 08:10:00";4558
"2021-05-21 08:20:00";4539
"2021-05-21 08:30:00";4537
"2021-05-21 08:40:00";4547
"2021-05-21 08:50:00";4629
"2021-05-21 09:00:00";4597
"2021-05-21 09:10:00";4539
"2021-05-21 09:20:00";4570
"2021-05-21 09:30:00";4621
"2021-05-21 09:40:00";4662
"2021-05-21 09:50:00";4718
"2021-05-21 10:00:00";4668
"2021-05-21 10:10:00";4694
"2021-05-21 10:20:00";4774
"2021-05-21 10:30:00";4888
"2021-05-21 10:40:00";4956
"2021-05-21 10:50:00";5037
"2021-05-21 11:00:00";5182
"2021-05-21 11:10:00";5412
"2021-05-21 11:20:00";5603
"2021-05-21 11:30:00";5894
"2021-05-21 11:40:00";6147
"2021-05-21 11:50:00";6526
"2021-05-21 12:00:00";7042
"2021-05-21 12:10:00";8130
"2021-05-21 12:20:00";8792
"2021-05-21 12:30:00";9394
"2021-05-21 12:40:00";10072
"2021-05-21 12:50:00";10814
"2021-05-21 13:00:00";11433
"2021-05-21 13:10:00";12491
"2021-05-21 13:20:00";13259
"2021-05-21 13:30:00";13958
"2021-05-21 13:40:00";14621
"2021-05-21 13:50:00";15210
"2021-05-21 14:00:00";15512
"2021-05-21 14:10:00";16112
"2021-05-21 14:20:00";16538
"2021-05-21 14:30:00";16732
"2021-05-21 14:40:00";17063
"2021-05-21 14:50:00";17182
"2021-05-21 15:00:00";17220
"2021-05-21 15:10:00";17162
"2021-05-21 15:20:00";16915
"2021-05-21 15:30:00";16792
"2021-05-21 15:40:00";16688
"2021-05-21 15:50:00";16435
"2021-05-21 16:00:00";16200
"2021-05-21 16:10:00";15895
"2021-05-21 16:20:00";15465
"2021-05-21 16:30:00";15093
"2021-05-21 16:40:00";14944
"2021-05-21 16:50:00";14901
"2021-05-21 17:00:00";14781
"2021-05-21 17:10:00";14470
"2021-05-21 17:20:00";14084
"2021-05-21 17:30:00";13851
"2021-05-21 17:40:00";13635
"2021-05-21 17:50:00";13571
"2021-05-21 18:00:00";13557
"2021-05-21 18:10:00";14214
"2021-05-21 18:20:00";14552
"2021-05-21 18:30:00";14983
"2021-05-21 18:40:00";15531
"2021-05-21 18:50:00";16048
"2021-05-21 19:00:00";16328
"2021-05-21 19:10:00";17453
"2021-05-21 19:20:00";18248
"2021-05-21 19:30:00";18825
"2021-05-21 19:40:00";19486
"2021-05-21 19:50:00";19785
"2021-05-21 20:00:00";20271
"2021-05-21 20:10:00";20298
"2021-05-21 20:20:00";20429
"2021-05-21 20:30:00";20347
"2021-05-21 20:40:00";20281
"2021-05-21 20:50:00";20004
"2021-05-21 21:00:00";19162
"2021-05-21 21:10:00";18551
"2021-05-21 21:20:00";18070
"2021-05-21 21:30:00";17491
"2021-05-21 21:40:00";16810
"2021-05-21 21:50:00";16161
"2021-05-21 22:00:00";15457
"2021-05-21 22:10:00";14665
"2021-05-21 22:20:00";14014
"2021-05-21 22:30:00";13378
"2021-05-21 22:40:00";12596
"2021-05-21 22:50:00";12102
"2021-05-21 23:00:00";11602
"2021-05-21 23:10:00";11299
"2021-05-21 23:20:00";11068
"2021-05-21 23:30:00";10816
"2021-05-21 23:40:00";10589
"2021-05-21 23:50:00";10350
"2021-05-22 00:00:00";10155
"2021-05-22 00:10:00";9984
"2021-05-22 00:20:00";10022
"2021-05-22 00:30:00";10076
"2021-05-22 00:40:00";10069
"2021-05-22 00:50:00";10329
"2021-05-22 01:00:00";10561
"2021-05-22 01:10:00";10784
"2021-05-22 01:20:00";11041
"2021-05-22 01:30:00";11274
"2021-05-22 01:40:00";11695
"2021-05-22 01:50:00";11918
"2021-05-22 02:00:00";12050
"2021-05-22 02:10:00";12338
"2021-05-22 02:20:00";12597
"2021-05-22 02:30:00";12854
"2021-05-22 02:40:00";12906
"2021-05-22 02:50:00";13008
"2021-05-22 03:00:00";12872
"2021-05-22 03:10:00";12947
"2021-05-22 03:20:00";13001
"2021-05-22 03:30:00";12944
"2021-05-22 03:40:00";12793
"2021-05-22 03:50:00";12684
"2021-05-22 04:00:00";12538
"2021-05-22 04:10:00";12200
"2021-05-22 04:20:00";11866
"2021-05-22 04:30:00";11748
"2021-05-22 04:40:00";11466
"2021-05-22 04:50:00";11208
"2021-05-22 05:00:00";10814
"2021-05-22 05:10:00";10369
"2021-05-22 05:20:00";10210
"2021-05-22 05:30:00";9938
"2021-05-22 05:40:00";9428
"2021-05-22 05:50:00";9161
"2021-05-22 06:00:00";8894
"2021-05-22 06:10:00";8595
"2021-05-22 06:20:00";8323
"2021-05-22 06:30:00";8155
"2021-05-22 06:40:00";8003
"2021-05-22 06:50:00";7728
"2021-05-22 07:00:00";7522
"2021-05-22 07:10:00";7219
"2021-05-22 07:20:00";7019
"2021-05-22 07:30:00";6814
"2021-05-22 07:40:00";6754
"2021-05-22 07:50:00";6607
"2021-05-22 08:00:00";6543
"2021-05-22 08:10:00";6434
"2021-05-22 08:20:00";6367
"2021-05-22 08:30:00";6295
"2021-05-22 08:40:00";6306
"2021-05-22 08:50:00";6186
"2021-05-22 09:00:00";6085
"2021-05-22 09:10:00";6069
"2021-05-22 09:20:00";6046
"2021-05-22 09:30:00";5998
"2021-05-22 09:40:00";6065
"2021-05-22 09:50:00";6077
"2021-05-22 10:00:00";6087
"2021-05-22 10:10:00";6105
"2021-05-22 10:20:00";6141
"2021-05-22 10:30:00";6190
"2021-05-22 10:40:00";6259
"2021-05-22 10:50:00";6491
"2021-05-22 11:00:00";6792
"2021-05-22 11:10:00";7173
"2021-05-22 11:20:00";7479
"2021-05-22 11:30:00";7818
"2021-05-22 11:40:00";8229
"2021-05-22 11:50:00";8666
"2021-05-22 12:00:00";9525
"2021-05-22 12:10:00";10978
"2021-05-22 12:20:00";11857
"2021-05-22 12:30:00";12655
"2021-05-22 12:40:00";13626
"2021-05-22 12:50:00";14230
"2021-05-22 13:00:00";15134
"2021-05-22 13:10:00";16413
"2021-05-22 13:20:00";17259
"2021-05-22 13:30:00";18090
"2021-05-22 13:40:00";18867
"2021-05-22 13:50:00";19367
"2021-05-22 14:00:00";19917
"2021-05-22 14:10:00";20535
"2021-05-22 14:20:00";20863
"2021-05-22 14:30:00";21191
"2021-05-22 14:40:00";21449
"2021-05-22 14:50:00";21585
"2021-05-22 15:00:00";21555
"2021-05-22 15:10:00";21367
"2021-05-22 15:20:00";21180
"2021-05-22 15:30:00";20901
"2021-05-22 15:40:00";20585
"2021-05-22 15:50:00";20196
"2021-05-22 16:00:00";19905
"2021-05-22 16:10:00";19393
"2021-05-22 16:20:00";18711
"2021-05-22 16:30:00";18241
"2021-05-22 16:40:00";17648
"2021-05-22 16:50:00";17425
"2021-05-22 17:00:00";17002
"2021-05-22 17:10:00";16704
"2021-05-22 17:20:00";16379
"2021-05-22 17:30:00";16147
"2021-05-22 17:40:00";16005
"2021-05-22 17:50:00";15885
"2021-05-22 18:00:00";15834
"2021-05-22 18:10:00";16077
"2021-05-22 18:20:00";16332
"2021-05-22 18:30:00";16445
"2021-05-22 18:40:00";16714
"2021-05-22 18:50:00";16988
"2021-05-22 19:00:00";17190
"2021-05-22 19:10:00";17681
"2021-05-22 19:20:00";18028
"2021-05-22 19:30:00";18371
"2021-05-22 19:40:00";18728
"2021-05-22 19:50:00";19136
"2021-05-22 20:00:00";19204
"2021-05-22 20:10:00";19097
"2021-05-22 20:20:00";19328
"2021-05-22 20:30:00";19191
"2021-05-22 20:40:00";18899
"2021-05-22 20:50:00";18755
"2021-05-22 21:00:00";18454
"2021-05-22 21:10:00";17851
"2021-05-22 21:20:00";17388
"2021-05-22 21:30:00";16822
"2021-05-22 21:40:00";16167
"2021-05-22 21:50:00";15385
"2021-05-22 22:00:00";14835
"2021-05-22 22:10:00";14247
"2021-05-22 22:20:00";13601
"2021-05-22 22:30:00";13159
"2021-05-22 22:40:00";12643
"2021-05-22 22:50:00";12137
"2021-05-22 23:00:00";11599
"2021-05-22 23:10:00";11295
"2021-05-22 23:20:00";11125
"2021-05-22 23:30:00";11030
"2021-05-22 23:40:00";10751
"2021-05-22 23:50:00";10707
"2021-05-23 00:00:00";10633
"2021-05-23 00:10:00";10513
"2021-05-23 00:20:00";10600
"2021-05-23 00:30:00";10741
"2021-05-23 00:40:00";10747
"2021-05-23 00:50:00";10870
"2021-05-23 01:00:00";11064
"2021-05-23 01:10:00";11366
"2021-05-23 01:20:00";11530
"2021-05-23 01:30:00";11700
"2021-05-23 01:40:00";11869
"2021-05-23 01:50:00";12100
"2021-05-23 02:00:00";12350
"2021-05-23 02:10:00";12572
"2021-05-23 02:20:00";12974
"2021-05-23 02:30:00";13176
"2021-05-23 02:40:00";13458
"2021-05-23 02:50:00";13501
"2021-05-23 03:00:00";13543
"2021-05-23 03:10:00";13584
"2021-05-23 03:20:00";13654
"2021-05-23 03:30:00";13553
"2021-05-23 03:40:00";13406
"2021-05-23 03:50:00";13274
"2021-05-23 04:00:00";13058
"2021-05-23 04:10:00";12772
"2021-05-23 04:20:00";12392
"2021-05-23 04:30:00";12171
"2021-05-23 04:40:00";11926
"2021-05-23 04:50:00";11746
"2021-05-23 05:00:00";11384
"2021-05-23 05:10:00";11149
"2021-05-23 05:20:00";10852
"2021-05-23 05:30:00";10507
"2021-05-23 05:40:00";10167
"2021-05-23 05:50:00";9840
"2021-05-23 06:00:00";9505
"2021-05-23 06:10:00";9249
"2021-05-23 06:20:00";8965
"2021-05-23 06:30:00";8462
"2021-05-23 06:40:00";8252
"2021-05-23 06:50:00";8002
"2021-05-23 07:00:00";7938
"2021-05-23 07:10:00";7854
"2021-05-23 07:20:00";7701
"2021-05-23 07:30:00";7553
"2021-05-23 07:40:00";7306
"2021-05-23 07:50:00";7134
"2021-05-23 08:00:00";7061
"2021-05-23 08:10:00";6937
"2021-05-23 08:20:00";6840
"2021-05-23 08:30:00";6748
"2021-05-23 08:40:00";6735
"2021-05-23 08:50:00";6716
"2021-05-23 09:00:00";6681
"2021-05-23 09:10:00";6600
"2021-05-23 09:20:00";6585
"2021-05-23 09:30:00";6565
"2021-05-23 09:40:00";6574
"2021-05-23 09:50:00";6582
"2021-05-23 10:00:00";6613
"2021-05-23 10:10:00";6614
"2021-05-23 10:20:00";6655
"2021-05-23 10:30:00";6699
"2021-05-23 10:40:00";6864
"2021-05-23 10:50:00";6952
"2021-05-23 11:00:00";7232
"2021-05-23 11:10:00";7405
"2021-05-23 11:20:00";7566
"2021-05-23 11:30:00";7840
"2021-05-23 11:40:00";8244
"2021-05-23 11:50:00";8595
"2021-05-23 12:00:00";9163
"2021-05-23 12:10:00";10122
"2021-05-23 12:20:00";10675
"2021-05-23 12:30:00";11041
"2021-05-23 12:40:00";11555
"2021-05-23 12:50:00";12122
"2021-05-23 13:00:00";12604
"2021-05-23 13:10:00";13395
"2021-05-23 13:20:00";13831
"2021-05-23 13:30:00";14197
"2021-05-23 13:40:00";14652
"2021-05-23 13:50:00";15091
"2021-05-23 14:00:00";15311
"2021-05-23 14:10:00";15488
"2021-05-23 14:20:00";15554
"2021-05-23 14:30:00";15581
"2021-05-23 14:40:00";15505
"2021-05-23 14:50:00";15322
"2021-05-23 15:00:00";15055
"2021-05-23 15:10:00";14535
"2021-05-23 15:20:00";14081
"2021-05-23 15:30:00";13592
"2021-05-23 15:40:00";13331
"2021-05-23 15:50:00";13060
"2021-05-23 16:00:00";12822
"2021-05-23 16:10:00";12668
"2021-05-23 16:20:00";12534
"2021-05-23 16:30:00";12374
"2021-05-23 16:40:00";12106
"2021-05-23 16:50:00";12036
"2021-05-23 17:00:00";11941
"2021-05-23 17:10:00";12168
"2021-05-23 17:20:00";12322
"2021-05-23 17:30:00";12473
"2021-05-23 17:40:00";12704
"2021-05-23 17:50:00";12995
"2021-05-23 18:00:00";13558
"2021-05-23 18:10:00";14203
"2021-05-23 18:20:00";14748
"2021-05-23 18:30:00";15285
"2021-05-23 18:40:00";15738
"2021-05-23 18:50:00";15935
"2021-05-23 19:00:00";16680
"2021-05-23 19:10:00";17388
"2021-05-23 19:20:00";17975
"2021-05-23 19:30:00";18473
"2021-05-23 19:40:00";18765
"2021-05-23 19:50:00";19057
"2021-05-23 20:00:00";19380
"2021-05-23 20:10:00";19481
"2021-05-23 20:20:00";19582
"2021-05-23 20:30:00";19524
"2021-05-23 20:40:00";19324
"2021-05-23 20:50:00";19014
"2021-05-23 21:00:00";18320
"2021-05-23 21:10:00";17637
"2021-05-23 21:20:00";17119
"2021-05-23 21:30:00";16445
"2021-05-23 21:40:00";15817
"2021-05-23 21:50:00";15114
"2021-05-23 22:00:00";14456
"2021-05-23 22:10:00";13723
"2021-05-23 22:20:00";13090
"2021-05-23 22:30:00";12647
"2021-05-23 22:40:00";12319
"2021-05-23 22:50:00";11747
"2021-05-23 23:00:00";11343
"2021-05-23 23:10:00";10952
"2021-05-23 23:20:00";10567
"2021-05-23 23:30:00";10272
"2021-05-23 23:40:00";10071
"2021-05-23 23:50:00";9882
"2021-05-24 00:00:00";9766
"2021-05-24 00:10:00";9716
"2021-05-24 00:20:00";9735
"2021-05-24 00:30:00";9692
"2021-05-24 00:40:00";9778
"2021-05-24 00:50:00";9768
"2021-05-24 01:00:00";9683
"2021-05-24 01:10:00";9739
"2021-05-24 01:20:00";9792
"2021-05-24 01:30:00";9981
"2021-05-24 01:40:00";10214
"2021-05-24 01:50:00";10268
"2021-05-24 02:00:00";10358
"2021-05-24 02:10:00";10324
"2021-05-24 02:20:00";10361
"2021-05-24 02:30:00";10181
"2021-05-24 02:40:00";10138
"2021-05-24 02:50:00";10179
"2021-05-24 03:00:00";10185
"2021-05-24 03:10:00";10004
"2021-05-24 03:20:00";9761
"2021-05-24 03:30:00";9644
"2021-05-24 03:40:00";9483
"2021-05-24 03:50:00";9485
"2021-05-24 04:00:00";9269
"2021-05-24 04:10:00";8950
"2021-05-24 04:20:00";8700
"2021-05-24 04:30:00";8470
"2021-05-24 04:40:00";8166
"2021-05-24 04:50:00";7906
"2021-05-24 05:00:00";7601
"2021-05-24 05:10:00";7218
"2021-05-24 05:20:00";6854
"2021-05-24 05:30:00";6651
"2021-05-24 05:40:00";6497
"2021-05-24 05:50:00";6351
"2021-05-24 06:00:00";6122
"2021-05-24 06:10:00";5923
"2021-05-24 06:20:00";5734
"2021-05-24 06:30:00";5513
"2021-05-24 06:40:00";5379
"2021-05-24 06:50:00";5173
"2021-05-24 07:00:00";5028
"2021-05-24 07:10:00";4869
"2021-05-24 07:20:00";4766
"2021-05-24 07:30:00";4740
"2021-05-24 07:40:00";4686
"2021-05-24 07:50:00";4724
"2021-05-24 08:00:00";4627
"2021-05-24 08:10:00";4584
"2021-05-24 08:20:00";4643
"2021-05-24 08:30:00";4636
"2021-05-24 08:40:00";4707
"2021-05-24 08:50:00";4651
"2021-05-24 09:00:00";4696
"2021-05-24 09:10:00";4685
"2021-05-24 09:20:00";4752
"2021-05-24 09:30:00";4767
"2021-05-24 09:40:00";4842
"2021-05-24 09:50:00";4791
"2021-05-24 10:00:00";4809
"2021-05-24 10:10:00";4834
"2021-05-24 10:20:00";4921
"2021-05-24 10:30:00";4969
"2021-05-24 10:40:00";5046
"2021-05-24 10:50:00";5154
"2021-05-24 11:00:00";5248
"2021-05-24 11:10:00";5374
"2021-05-24 11:20:00";5477
"2021-05-24 11:30:00";5686
"2021-05-24 11:40:00";5950
"2021-05-24 11:50:00";6174
"2021-05-24 12:00:00";6535
"2021-05-24 12:10:00";6911
"2021-05-24 12:20:00";7174
"2021-05-24 12:30:00";7542
"2021-05-24 12:40:00";7936
"2021-05-24 12:50:00";8265
"2021-05-24 13:00:00";8708
"2021-05-24 13:10:00";9253
"2021-05-24 13:20:00";9610
"2021-05-24 13:30:00";10060
"2021-05-24 13:40:00";10295
"2021-05-24 13:50:00";10541
"2021-05-24 14:00:00";10733
"2021-05-24 14:10:00";11007
"2021-05-24 14:20:00";11182
"2021-05-24 14:30:00";11352
"2021-05-24 14:40:00";11465
"2021-05-24 14:50:00";11438
"2021-05-24 15:00:00";11406
"2021-05-24 15:10:00";11227
"2021-05-24 15:20:00";11145
"2021-05-24 15:30:00";11075
"2021-05-24 15:40:00";10911
"2021-05-24 15:50:00";10791
"2021-05-24 16:00:00";10762
"2021-05-24 16:10:00";10476
"2021-05-24 16:20:00";10418
"2021-05-24 16:30:00";10291
"2021-05-24 16:40:00";10169
"2021-05-24 16:50:00";10087
"2021-05-24 17:00:00";10140
"2021-05-24 17:10:00";10211
"2021-05-24 17:20:00";10284
"2021-05-24 17:30:00";10297
"2021-05-24 17:40:00";10460
"2021-05-24 17:50:00";10777
"2021-05-24 18:00:00";11030
"2021-05-24 18:10:00";11776
"2021-05-24 18:20:00";12241
"2021-05-24 18:30:00";12766
"2021-05-24 18:40:00";13281
"2021-05-24 18:50:00";13745
"2021-05-24 19:00:00";14179
"2021-05-24 19:10:00";14771
"2021-05-24 19:20:00";15286
"2021-05-24 19:30:00";15572
"2021-05-24 19:40:00";15742
"2021-05-24 19:50:00";15846
"2021-05-24 20:00:00";15905
"2021-05-24 20:10:00";15526
"2021-05-24 20:20:00";15116
"2021-05-24 20:30:00";14860
"2021-05-24 20:40:00";14488
"2021-05-24 20:50:00";13988
"2021-05-24 21:00:00";13529
"2021-05-24 21:10:00";12929
"2021-05-24 21:20:00";12370
"2021-05-24 21:30:00";11789
"2021-05-24 21:40:00";11164
"2021-05-24 21:50:00";10665
"2021-05-24 22:00:00";10107
"2021-05-24 22:10:00";9520
"2021-05-24 22:20:00";9011
"2021-05-24 22:30:00";8656
"2021-05-24 22:40:00";8513
"2021-05-24 22:50:00";8208
"2021-05-24 23:00:00";7958
"2021-05-24 23:10:00";7826
"2021-05-24 23:20:00";7800
"2021-05-24 23:30:00";7675
"2021-05-24 23:40:00";7628
"2021-05-24 23:50:00";7689
"2021-05-25 00:00:00";7701
"2021-05-25 00:10:00";7777
"2021-05-25 00:20:00";7776
"2021-05-25 00:30:00";7893
"2021-05-25 00:40:00";8020
"2021-05-25 00:50:00";7972
"2021-05-25 01:00:00";8079
"2021-05-25 01:10:00";8173
"2021-05-25 01:20:00";8278
"2021-05-25 01:30:00";8397
"2021-05-25 01:40:00";8434
"2021-05-25 01:50:00";8602
"2021-05-25 02:00:00";8712
"2021-05-25 02:10:00";8793
"2021-05-25 02:20:00";8903
"2021-05-25 02:30:00";9030
"2021-05-25 02:40:00";9032
"2021-05-25 02:50:00";9068
"2021-05-25 03:00:00";9100
"2021-05-25 03:10:00";9106
"2021-05-25 03:20:00";9052
"2021-05-25 03:30:00";8963
"2021-05-25 03:40:00";8759
"2021-05-25 03:50:00";8604
"2021-05-25 04:00:00";8512
"2021-05-25 04:10:00";8309
"2021-05-25 04:20:00";8056
"2021-05-25 04:30:00";7745
"2021-05-25 04:40:00";7358
"2021-05-25 04:50:00";7128
"2021-05-25 05:00:00";6830
"2021-05-25 05:10:00";6557
"2021-05-25 05:20:00";6295
"2021-05-25 05:30:00";5951
"2021-05-25 05:40:00";5770
"2021-05-25 05:50:00";5572
"2021-05-25 06:00:00";5374
"2021-05-25 06:10:00";5261
"2021-05-25 06:20:00";5116
"2021-05-25 06:30:00";4961
"2021-05-25 06:40:00";4854
"2021-05-25 06:50:00";4724
"2021-05-25 07:00:00";4580
"2021-05-25 07:10:00";4484
"2021-05-25 07:20:00";4466
"2021-05-25 07:30:00";4402
"2021-05-25 07:40:00";4474
"2021-05-25 07:50:00";4468
"2021-05-25 08:00:00";4488
"2021-05-25 08:10:00";4510
"2021-05-25 08:20:00";4494
"2021-05-25 08:30:00";4450
"2021-05-25 08:40:00";4424
"2021-05-25 08:50:00";4432
"2021-05-25 09:00:00";4422
"2021-05-25 09:10:00";4477
"2021-05-25 09:20:00";4503
"2021-05-25 09:30:00";4567
"2021-05-25 09:40:00";4586
"2021-05-25 09:50:00";4610
"2021-05-25 10:00:00";4588
"2021-05-25 10:10:00";4570
"2021-05-25 10:20:00";4646
"2021-05-25 10:30:00";4774
"2021-05-25 10:40:00";4897
"2021-05-25 10:50:00";5033
"2021-05-25 11:00:00";5175
"2021-05-25 11:10:00";5334
"2021-05-25 11:20:00";5407
"2021-05-25 11:30:00";5644
"2021-05-25 11:40:00";5780
"2021-05-25 11:50:00";5982
"2021-05-25 12:00:00";6266
"2021-05-25 12:10:00";6778
"2021-05-25 12:20:00";6998
"2021-05-25 12:30:00";7333
"2021-05-25 12:40:00";7826
"2021-05-25 12:50:00";8214
"2021-05-25 13:00:00";8619
"2021-05-25 13:10:00";9001
"2021-05-25 13:20:00";9442
"2021-05-25 13:30:00";9735
"2021-05-25 13:40:00";10086
"2021-05-25 13:50:00";10393
"2021-05-25 14:00:00";10619
"2021-05-25 14:10:00";10856
"2021-05-25 14:20:00";10974
"2021-05-25 14:30:00";11099
"2021-05-25 14:40:00";11184
"2021-05-25 14:50:00";11192
"2021-05-25 15:00:00";11149
"2021-05-25 15:10:00";10911
"2021-05-25 15:20:00";10685
"2021-05-25 15:30:00";10441
"2021-05-25 15:40:00";10391
"2021-05-25 15:50:00";10266
"2021-05-25 16:00:00";10190
"2021-05-25 16:10:00";10093
"2021-05-25 16:20:00";10030
"2021-05-25 16:30:00";9960
"2021-05-25 16:40:00";9858
"2021-05-25 16:50:00";9851
"2021-05-25 17:00:00";9802
"2021-05-25 17:10:00";10185
"2021-05-25 17:20:00";10407
"2021-05-25 17:30:00";10480
"2021-05-25 17:40:00";10598
"2021-05-25 17:50:00";10657
"2021-05-25 18:00:00";10798
"2021-05-25 18:10:00";11188
"2021-05-25 18:20:00";11558
"2021-05-25 18:30:00";11787
"2021-05-25 18:40:00";12126
"2021-05-25 18:50:00";12526
"2021-05-25 19:00:00";12856
"2021-05-25 19:10:00";13556
"2021-05-25 19:20:00";14004
"2021-05-25 19:30:00";14343
"2021-05-25 19:40:00";14617
"2021-05-25 19:50:00";14729
"2021-05-25 20:00:00";14700
"2021-05-25 20:10:00";14424
"2021-05-25 20:20:00";14190
"2021-05-25 20:30:00";13696
"2021-05-25 20:40:00";13327
"2021-05-25 20:50:00";12841
"2021-05-25 21:00:00";12269
"2021-05-25 21:10:00";11762
"2021-05-25 21:20:00";11291
"2021-05-25 21:30:00";10802
"2021-05-25 21:40:00";10261
"2021-05-25 21:50:00";9906
"2021-05-25 22:00:00";9311
"2021-05-25 22:10:00";8603
"2021-05-25 22:20:00";8470
"2021-05-25 22:30:00";8347
"2021-05-25 22:40:00";8128
"2021-05-25 22:50:00";8051
"2021-05-25 23:00:00";7888
"2021-05-25 23:10:00";7748
"2021-05-25 23:20:00";3884
"2021-05-25 23:30:00";7032
"2021-05-25 23:40:00";7408
"2021-05-25 23:50:00";7465
"2021-05-26 00:00:00";7485
"2021-05-26 00:10:00";7527
"2021-05-26 00:20:00";7646
"2021-05-26 00:30:00";7650
"2021-05-26 00:40:00";7714
"2021-05-26 00:50:00";7780
"2021-05-26 01:00:00";7840
"2021-05-26 01:10:00";8025
"2021-05-26 01:20:00";8336
"2021-05-26 01:30:00";8431
"2021-05-26 01:40:00";8473
"2021-05-26 01:50:00";8631
"2021-05-26 02:00:00";8697
"2021-05-26 02:10:00";8702
"2021-05-26 02:20:00";8636
"2021-05-26 02:30:00";8670
"2021-05-26 02:40:00";8617
"2021-05-26 02:50:00";8460
"2021-05-26 03:00:00";8406
"2021-05-26 03:10:00";8221
"2021-05-26 03:20:00";8045
"2021-05-26 03:30:00";7899
"2021-05-26 03:40:00";7687
"2021-05-26 03:50:00";7593
"2021-05-26 04:00:00";7401
"2021-05-26 04:10:00";7253
"2021-05-26 04:20:00";7083
"2021-05-26 04:30:00";6913
"2021-05-26 04:40:00";6688
"2021-05-26 04:50:00";6491
"2021-05-26 05:00:00";6283
"2021-05-26 05:10:00";6020
"2021-05-26 05:20:00";5890
"2021-05-26 05:30:00";5701
"2021-05-26 05:40:00";5485
"2021-05-26 05:50:00";5347
"2021-05-26 06:00:00";5148
"2021-05-26 06:10:00";4993
"2021-05-26 06:20:00";4843
"2021-05-26 06:30:00";4724
"2021-05-26 06:40:00";4636
"2021-05-26 06:50:00";4598
"2021-05-26 07:00:00";4531
"2021-05-26 07:10:00";4407
"2021-05-26 07:20:00";4342
"2021-05-26 07:30:00";4290
"2021-05-26 07:40:00";4226
"2021-05-26 07:50:00";4186
"2021-05-26 08:00:00";4183
"2021-05-26 08:10:00";4160
"2021-05-26 08:20:00";4157
"2021-05-26 08:30:00";4198
"2021-05-26 08:40:00";4205
"2021-05-26 08:50:00";4228
"2021-05-26 09:00:00";3750
"2021-05-26 09:10:00";3882
"2021-05-26 09:20:00";3992
"2021-05-26 09:30:00";4083
"2021-05-26 09:40:00";4233
"2021-05-26 09:50:00";4303
"2021-05-26 10:00:00";4385
"2021-05-26 10:10:00";4423
"2021-05-26 10:20:00";4424
"2021-05-26 10:30:00";4536
"2021-05-26 10:40:00";4612
"2021-05-26 10:50:00";4660
"2021-05-26 11:00:00";4734
"2021-05-26 11:10:00";4819
"2021-05-26 11:20:00";5030
"2021-05-26 11:30:00";5233
"2021-05-26 11:40:00";5406
"2021-05-26 11:50:00";5799
"2021-05-26 12:00:00";6190
"2021-05-26 12:10:00";6594
"2021-05-26 12:20:00";6971
"2021-05-26 12:30:00";7233
"2021-05-26 12:40:00";7672
"2021-05-26 12:50:00";8058
"2021-05-26 13:00:00";8492
"2021-05-26 13:10:00";8995
"2021-05-26 13:20:00";9388
"2021-05-26 13:30:00";9765
"2021-05-26 13:40:00";10001
"2021-05-26 13:50:00";10257
"2021-05-26 14:00:00";10429
"2021-05-26 14:10:00";10593
"2021-05-26 14:20:00";10790
"2021-05-26 14:30:00";10879
"2021-05-26 14:40:00";10923
"2021-05-26 14:50:00";10931
"2021-05-26 15:00:00";10979
"2021-05-26 15:10:00";10768
"2021-05-26 15:20:00";10606
"2021-05-26 15:30:00";10512
"2021-05-26 15:40:00";10476
"2021-05-26 15:50:00";10250
"2021-05-26 16:00:00";10078
"2021-05-26 16:10:00";9920
"2021-05-26 16:20:00";9875
"2021-05-26 16:30:00";9811
"2021-05-26 16:40:00";9831
"2021-05-26 16:50:00";9803
"2021-05-26 17:00:00";9753
"2021-05-26 17:10:00";9917
"2021-05-26 17:20:00";9973
"2021-05-26 17:30:00";9479
"2021-05-26 17:40:00";9997
"2021-05-26 17:50:00";10320
"2021-05-26 18:00:00";10759
"2021-05-26 18:10:00";11219
"2021-05-26 18:20:00";11645
"2021-05-26 18:30:00";11958
"2021-05-26 18:40:00";12394
"2021-05-26 18:50:00";12711
"2021-05-26 19:00:00";12957
"2021-05-26 19:10:00";13491
"2021-05-26 19:20:00";13880
"2021-05-26 19:30:00";14216
"2021-05-26 19:40:00";14417
"2021-05-26 19:50:00";14467
"2021-05-26 20:00:00";14463
"2021-05-26 20:10:00";14259
"2021-05-26 20:20:00";14049
"2021-05-26 20:30:00";13872
"2021-05-26 20:40:00";13394
"2021-05-26 20:50:00";12884
"2021-05-26 21:00:00";12384
"2021-05-26 21:10:00";11775
"2021-05-26 21:20:00";11270
"2021-05-26 21:30:00";10661
"2021-05-26 21:40:00";10089
"2021-05-26 21:50:00";9697
"2021-05-26 22:00:00";9180
"2021-05-26 22:10:00";8800
"2021-05-26 22:20:00";8443
"2021-05-26 22:30:00";8159
"2021-05-26 22:40:00";8091
"2021-05-26 22:50:00";7864
"2021-05-26 23:00:00";7738
"2021-05-26 23:10:00";7678
"2021-05-26 23:20:00";7755
"2021-05-26 23:30:00";7850
"2021-05-26 23:40:00";7910
"2021-05-26 23:50:00";7899
"2021-05-27 00:00:00";7879
"2021-05-27 00:10:00";7992
"2021-05-27 00:20:00";8008
"2021-05-27 00:30:00";8009
"2021-05-27 00:40:00";8124
"2021-05-27 00:50:00";8174
"2021-05-27 01:00:00";8185
"2021-05-27 01:10:00";8335
"2021-05-27 01:20:00";8438
"2021-05-27 01:30:00";8581
"2021-05-27 01:40:00";8654
"2021-05-27 01:50:00";8770
"2021-05-27 02:00:00";8852
"2021-05-27 02:10:00";8834
"2021-05-27 02:20:00";8875
"2021-05-27 02:30:00";8805
"2021-05-27 02:40:00";8791
"2021-05-27 02:50:00";8726
"2021-05-27 03:00:00";8676
"2021-05-27 03:10:00";8583
"2021-05-27 03:20:00";8433
"2021-05-27 03:30:00";8337
"2021-05-27 03:40:00";8133
"2021-05-27 03:50:00";7908
"2021-05-27 04:00:00";7708
"2021-05-27 04:10:00";7407
"2021-05-27 04:20:00";7016
"2021-05-27 04:30:00";6895
"2021-05-27 04:40:00";6707
"2021-05-27 04:50:00";6471
"2021-05-27 05:00:00";6198
"2021-05-27 05:10:00";5932
"2021-05-27 05:20:00";5782
"2021-05-27 05:30:00";5601
"2021-05-27 05:40:00";5520
"2021-05-27 05:50:00";5370
"2021-05-27 06:00:00";5275
"2021-05-27 06:10:00";5087
"2021-05-27 06:20:00";4896
"2021-05-27 06:30:00";4763
"2021-05-27 06:40:00";4753
"2021-05-27 06:50:00";4659
"2021-05-27 07:00:00";4593
"2021-05-27 07:10:00";4531
"2021-05-27 07:20:00";4442
"2021-05-27 07:30:00";4398
"2021-05-27 07:40:00";4392
"2021-05-27 07:50:00";4299
"2021-05-27 08:00:00";4273
"2021-05-27 08:10:00";4250
"2021-05-27 08:20:00";4205
"2021-05-27 08:30:00";4151
"2021-05-27 08:40:00";4143
"2021-05-27 08:50:00";4220
"2021-05-27 09:00:00";4211
"2021-05-27 09:10:00";4209
"2021-05-27 09:20:00";4280
"2021-05-27 09:30:00";4329
"2021-05-27 09:40:00";4365
"2021-05-27 09:50:00";4421
"2021-05-27 10:00:00";4459
"2021-05-27 10:10:00";4528
"2021-05-27 10:20:00";4625
"2021-05-27 10:30:00";4709
"2021-05-27 10:40:00";4803
"2021-05-27 10:50:00";4782
"2021-05-27 11:00:00";4948
"2021-05-27 11:10:00";5045
"2021-05-27 11:20:00";5198
"2021-05-27 11:30:00";5332
"2021-05-27 11:40:00";5449
"2021-05-27 11:50:00";5619
"2021-05-27 12:00:00";6047
"2021-05-27 12:10:00";6487
"2021-05-27 12:20:00";6854
"2021-05-27 12:30:00";7210
"2021-05-27 12:40:00";7587
"2021-05-27 12:50:00";7911
"2021-05-27 13:00:00";8328
"2021-05-27 13:10:00";8635
"2021-05-27 13:20:00";8923
"2021-05-27 13:30:00";9282
"2021-05-27 13:40:00";9605
"2021-05-27 13:50:00";9849
"2021-05-27 14:00:00";10125
"2021-05-27 14:10:00";10347
"2021-05-27 14:20:00";10469
"2021-05-27 14:30:00";10541
"2021-05-27 14:40:00";10636
"2021-05-27 14:50:00";10652
"2021-05-27 15:00:00";10583
"2021-05-27 15:10:00";11017
"2021-05-27 15:20:00";11385
"2021-05-27 15:30:00";11645
"2021-05-27 15:40:00";11941
"2021-05-27 15:50:00";12102
"2021-05-27 16:00:00";12201
"2021-05-27 16:10:00";12379
"2021-05-27 16:20:00";12440
"2021-05-27 16:30:00";12524
"2021-05-27 16:40:00";12690
"2021-05-27 16:50:00";12893
"2021-05-27 17:00:00";12892
"2021-05-27 17:10:00";12984
"2021-05-27 17:20:00";13199
"2021-05-27 17:30:00";13500
"2021-05-27 17:40:00";13880
"2021-05-27 17:50:00";14244
"2021-05-27 18:00:00";14794
"2021-05-27 18:10:00";15477
"2021-05-27 18:20:00";16159
"2021-05-27 18:30:00";16660
"2021-05-27 18:40:00";17225
"2021-05-27 18:50:00";17692
"2021-05-27 19:00:00";18393
"2021-05-27 19:10:00";19405
"2021-05-27 19:20:00";19960
"2021-05-27 19:30:00";20192
"2021-05-27 19:40:00";20279
"2021-05-27 19:50:00";20496
"2021-05-27 20:00:00";20388
"2021-05-27 20:10:00";19933
"2021-05-27 20:20:00";19638
"2021-05-27 20:30:00";19251
"2021-05-27 20:40:00";18564
"2021-05-27 20:50:00";17966
"2021-05-27 21:00:00";17291
"2021-05-27 21:10:00";16180
"2021-05-27 21:20:00";15306
"2021-05-27 21:30:00";14640
"2021-05-27 21:40:00";14038
"2021-05-27 21:50:00";13395
"2021-05-27 22:00:00";12578
"2021-05-27 22:10:00";11981
"2021-05-27 22:20:00";11559
"2021-05-27 22:30:00";11063
"2021-05-27 22:40:00";10606
"2021-05-27 22:50:00";10375
"2021-05-27 23:00:00";10106
"2021-05-27 23:10:00";9884
"2021-05-27 23:20:00";9885
"2021-05-27 23:30:00";9879
"2021-05-27 23:40:00";9826
"2021-05-27 23:50:00";9889
"2021-05-28 00:00:00";9994
"2021-05-28 00:10:00";10152
"2021-05-28 00:20:00";10267
"2021-05-28 00:30:00";10405
"2021-05-28 00:40:00";10560
"2021-05-28 00:50:00";10747
"2021-05-28 01:00:00";10806
"2021-05-28 01:10:00";11049
"2021-05-28 01:20:00";11203
"2021-05-28 01:30:00";11317
"2021-05-28 01:40:00";11483
"2021-05-28 01:50:00";11559
"2021-05-28 02:00:00";11648
"2021-05-28 02:10:00";11661
"2021-05-28 02:20:00";11834
"2021-05-28 02:30:00";11795
"2021-05-28 02:40:00";11851
"2021-05-28 02:50:00";11779
"2021-05-28 03:00:00";11596
"2021-05-28 03:10:00";11301
"2021-05-28 03:20:00";11078
"2021-05-28 03:30:00";10797
"2021-05-28 03:40:00";10508
"2021-05-28 03:50:00";10363
"2021-05-28 04:00:00";10122
"2021-05-28 04:10:00";9836
"2021-05-28 04:20:00";9586
"2021-05-28 04:30:00";9353
"2021-05-28 04:40:00";9089
"2021-05-28 04:50:00";8789
"2021-05-28 05:00:00";8451
"2021-05-28 05:10:00";8106
"2021-05-28 05:20:00";7903
"2021-05-28 05:30:00";7753
"2021-05-28 05:40:00";7500
"2021-05-28 05:50:00";7280
"2021-05-28 06:00:00";7043
"2021-05-28 06:10:00";6836
"2021-05-28 06:20:00";6594
"2021-05-28 06:30:00";6522
"2021-05-28 06:40:00";6392
"2021-05-28 06:50:00";6400
"2021-05-28 07:00:00";6300
"2021-05-28 07:10:00";6269
"2021-05-28 07:20:00";6171
"2021-05-28 07:30:00";6170
"2021-05-28 07:40:00";6216
"2021-05-28 07:50:00";6262
"2021-05-28 08:00:00";6261
"2021-05-28 08:10:00";6159
"2021-05-28 08:20:00";6232
"2021-05-28 08:30:00";6284
"2021-05-28 08:40:00";6338
"2021-05-28 08:50:00";6337
"2021-05-28 09:00:00";6444
"2021-05-28 09:10:00";6505
"2021-05-28 09:20:00";6633
"2021-05-28 09:30:00";6823
"2021-05-28 09:40:00";6958
"2021-05-28 09:50:00";7070
"2021-05-28 10:00:00";7043
"2021-05-28 10:10:00";7188
"2021-05-28 10:20:00";7230
"2021-05-28 10:30:00";7366
"2021-05-28 10:40:00";7586
"2021-05-28 10:50:00";7745
"2021-05-28 11:00:00";7878
"2021-05-28 11:10:00";8236
"2021-05-28 11:20:00";8425
"2021-05-28 11:30:00";8798
"2021-05-28 11:40:00";9095
"2021-05-28 11:50:00";9539
"2021-05-28 12:00:00";10264
"2021-05-28 12:10:00";11049
"2021-05-28 12:20:00";11818
"2021-05-28 12:30:00";12687
"2021-05-28 12:40:00";13449
"2021-05-28 12:50:00";14137
"2021-05-28 13:00:00";15128
"2021-05-28 13:10:00";16206
"2021-05-28 13:20:00";17189
"2021-05-28 13:30:00";17928
"2021-05-28 13:40:00";18783
"2021-05-28 13:50:00";19372
"2021-05-28 14:00:00";19866
"2021-05-28 14:10:00";20657
"2021-05-28 14:20:00";21115
"2021-05-28 14:30:00";21273
"2021-05-28 14:40:00";21569
"2021-05-28 14:50:00";21676
"2021-05-28 15:00:00";21626
"2021-05-28 15:10:00";21462
"2021-05-28 15:20:00";21181
"2021-05-28 15:30:00";20859
"2021-05-28 15:40:00";20638
"2021-05-28 15:50:00";20317
"2021-05-28 16:00:00";19932
"2021-05-28 16:10:00";19517
"2021-05-28 16:20:00";19289
"2021-05-28 16:30:00";18977
"2021-05-28 16:40:00";18676
"2021-05-28 16:50:00";18469
"2021-05-28 17:00:00";18247
"2021-05-28 17:10:00";17920
"2021-05-28 17:20:00";17874
"2021-05-28 17:30:00";17732
"2021-05-28 17:40:00";17798
"2021-05-28 17:50:00";17939
"2021-05-28 18:00:00";17978
"2021-05-28 18:10:00";18724
"2021-05-28 18:20:00";19340
"2021-05-28 18:30:00";19974
"2021-05-28 18:40:00";20719
"2021-05-28 18:50:00";21212
"2021-05-28 19:00:00";21800
"2021-05-28 19:10:00";22960
"2021-05-28 19:20:00";24064
"2021-05-28 19:30:00";24954
"2021-05-28 19:40:00";25398
"2021-05-28 19:50:00";25898
"2021-05-28 20:00:00";26127
"2021-05-28 20:10:00";26462
"2021-05-28 20:20:00";26679
"2021-05-28 20:30:00";26646
"2021-05-28 20:40:00";26281
"2021-05-28 20:50:00";25737
"2021-05-28 21:00:00";25081
"2021-05-28 21:10:00";24361
"2021-05-28 21:20:00";23412
"2021-05-28 21:30:00";22631
"2021-05-28 21:40:00";21619
"2021-05-28 21:50:00";20680
"2021-05-28 22:00:00";19686
"2021-05-28 22:10:00";18513
"2021-05-28 22:20:00";17477
"2021-05-28 22:30:00";16814
"2021-05-28 22:40:00";15919
"2021-05-28 22:50:00";15218
"2021-05-28 23:00:00";14619
"2021-05-28 23:10:00";14078
"2021-05-28 23:20:00";13709
"2021-05-28 23:30:00";13483
"2021-05-28 23:40:00";13196
"2021-05-28 23:50:00";12968
"2021-05-29 00:00:00";12761
"2021-05-29 00:10:00";12670
"2021-05-29 00:20:00";12779
"2021-05-29 00:30:00";13061
"2021-05-29 00:40:00";13179
"2021-05-29 00:50:00";13332
"2021-05-29 01:00:00";13472
"2021-05-29 01:10:00";13739
"2021-05-29 01:20:00";14034
"2021-05-29 01:30:00";14218
"2021-05-29 01:40:00";14575
"2021-05-29 01:50:00";14885
"2021-05-29 02:00:00";15404
"2021-05-29 02:10:00";15751
"2021-05-29 02:20:00";16124
"2021-05-29 02:30:00";16364
"2021-05-29 02:40:00";16420
"2021-05-29 02:50:00";16584
"2021-05-29 03:00:00";16592
"2021-05-29 03:10:00";16583
"2021-05-29 03:20:00";16510
"2021-05-29 03:30:00";16385
"2021-05-29 03:40:00";16228
"2021-05-29 03:50:00";16095
"2021-05-29 04:00:00";15752
"2021-05-29 04:10:00";15524
"2021-05-29 04:20:00";15151
"2021-05-29 04:30:00";14817
"2021-05-29 04:40:00";14465
"2021-05-29 04:50:00";13995
"2021-05-29 05:00:00";13418
"2021-05-29 05:10:00";13047
"2021-05-29 05:20:00";12586
"2021-05-29 05:30:00";12221
"2021-05-29 05:40:00";11756
"2021-05-29 05:50:00";11342
"2021-05-29 06:00:00";10945
"2021-05-29 06:10:00";10532
"2021-05-29 06:20:00";10034
"2021-05-29 06:30:00";9582
"2021-05-29 06:40:00";9422
"2021-05-29 06:50:00";9094
"2021-05-29 07:00:00";8800
"2021-05-29 07:10:00";8628
"2021-05-29 07:20:00";8431
"2021-05-29 07:30:00";8252
"2021-05-29 07:40:00";8094
"2021-05-29 07:50:00";8082
"2021-05-29 08:00:00";7984
"2021-05-29 08:10:00";7826
"2021-05-29 08:20:00";7705
"2021-05-29 08:30:00";7616
"2021-05-29 08:40:00";7558
"2021-05-29 08:50:00";7667
"2021-05-29 09:00:00";7680
"2021-05-29 09:10:00";7642
"2021-05-29 09:20:00";7621
"2021-05-29 09:30:00";7749
"2021-05-29 09:40:00";7959
"2021-05-29 09:50:00";7933
"2021-05-29 10:00:00";8047
"2021-05-29 10:10:00";8166
"2021-05-29 10:20:00";8383
"2021-05-29 10:30:00";8588
"2021-05-29 10:40:00";8839
"2021-05-29 10:50:00";9115
"2021-05-29 11:00:00";9529
"2021-05-29 11:10:00";10068
"2021-05-29 11:20:00";10593
"2021-05-29 11:30:00";11145
"2021-05-29 11:40:00";11687
"2021-05-29 11:50:00";12229
"2021-05-29 12:00:00";13582
"2021-05-29 12:10:00";14935
"2021-05-29 12:20:00";15886
"2021-05-29 12:30:00";16705
"2021-05-29 12:40:00";17793
"2021-05-29 12:50:00";18607
"2021-05-29 13:00:00";19814
"2021-05-29 13:10:00";21080
"2021-05-29 13:20:00";22094
"2021-05-29 13:30:00";22866
"2021-05-29 13:40:00";23433
"2021-05-29 13:50:00";24089
"2021-05-29 14:00:00";24540
"2021-05-29 14:10:00";25053
"2021-05-29 14:20:00";25319
"2021-05-29 14:30:00";25658
"2021-05-29 14:40:00";26080
"2021-05-29 14:50:00";26163
"2021-05-29 15:00:00";26124
"2021-05-29 15:10:00";25981
"2021-05-29 15:20:00";25821
"2021-05-29 15:30:00";25492
"2021-05-29 15:40:00";25236
"2021-05-29 15:50:00";24779
"2021-05-29 16:00:00";24236
"2021-05-29 16:10:00";23616
"2021-05-29 16:20:00";23109
"2021-05-29 16:30:00";22644
"2021-05-29 16:40:00";22250
"2021-05-29 16:50:00";21679
"2021-05-29 17:00:00";21393
"2021-05-29 17:10:00";21141
"2021-05-29 17:20:00";20782
"2021-05-29 17:30:00";20497
"2021-05-29 17:40:00";20314
"2021-05-29 17:50:00";20038
"2021-05-29 18:00:00";20201
"2021-05-29 18:10:00";20481
"2021-05-29 18:20:00";20844
"2021-05-29 18:30:00";20985
"2021-05-29 18:40:00";21304
"2021-05-29 18:50:00";21499
"2021-05-29 19:00:00";21529
"2021-05-29 19:10:00";22161
"2021-05-29 19:20:00";22528
"2021-05-29 19:30:00";23056
"2021-05-29 19:40:00";23248
"2021-05-29 19:50:00";23527
"2021-05-29 20:00:00";23805
"2021-05-29 20:10:00";23846
"2021-05-29 20:20:00";23780
"2021-05-29 20:30:00";23805
"2021-05-29 20:40:00";23525
"2021-05-29 20:50:00";23169
"2021-05-29 21:00:00";22530
"2021-05-29 21:10:00";22128
"2021-05-29 21:20:00";21913
"2021-05-29 21:30:00";21478
"2021-05-29 21:40:00";20763
"2021-05-29 21:50:00";20209
"2021-05-29 22:00:00";19589
"2021-05-29 22:10:00";18610
"2021-05-29 22:20:00";17989
"2021-05-29 22:30:00";17242
"2021-05-29 22:40:00";16699
"2021-05-29 22:50:00";16071
"2021-05-29 23:00:00";15444
"2021-05-29 23:10:00";14922
"2021-05-29 23:20:00";14329
"2021-05-29 23:30:00";13800
"2021-05-29 23:40:00";13424
"2021-05-29 23:50:00";13152
"2021-05-30 00:00:00";12899
"2021-05-30 00:10:00";12817
"2021-05-30 00:20:00";12788
"2021-05-30 00:30:00";12800
"2021-05-30 00:40:00";12857
"2021-05-30 00:50:00";13003
"2021-05-30 01:00:00";13248
"2021-05-30 01:10:00";13411
"2021-05-30 01:20:00";13721
"2021-05-30 01:30:00";14020
"2021-05-30 01:40:00";14152
"2021-05-30 01:50:00";14276
"2021-05-30 02:00:00";14473
"2021-05-30 02:10:00";14882
"2021-05-30 02:20:00";15253
"2021-05-30 02:30:00";15488
"2021-05-30 02:40:00";15730
"2021-05-30 02:50:00";15945
"2021-05-30 03:00:00";16014
"2021-05-30 03:10:00";15984
"2021-05-30 03:20:00";16033
"2021-05-30 03:30:00";15932
"2021-05-30 03:40:00";15852
"2021-05-30 03:50:00";15575
"2021-05-30 04:00:00";15408
"2021-05-30 04:10:00";15178
"2021-05-30 04:20:00";14862
"2021-05-30 04:30:00";14605
"2021-05-30 04:40:00";14362
"2021-05-30 04:50:00";14061
"2021-05-30 05:00:00";13773
"2021-05-30 05:10:00";13479
"2021-05-30 05:20:00";13035
"2021-05-30 05:30:00";12673
"2021-05-30 05:40:00";12220
"2021-05-30 05:50:00";11860
"2021-05-30 06:00:00";11352
"2021-05-30 06:10:00";10947
"2021-05-30 06:20:00";10577
"2021-05-30 06:30:00";10256
"2021-05-30 06:40:00";9895
"2021-05-30 06:50:00";9621
"2021-05-30 07:00:00";9485
"2021-05-30 07:10:00";9268
"2021-05-30 07:20:00";9137
"2021-05-30 07:30:00";8897
"2021-05-30 07:40:00";8749
"2021-05-30 07:50:00";8756
"2021-05-30 08:00:00";8604
"2021-05-30 08:10:00";8552
"2021-05-30 08:20:00";8433
"2021-05-30 08:30:00";8378
"2021-05-30 08:40:00";8318
"2021-05-30 08:50:00";8241
"2021-05-30 09:00:00";8095
"2021-05-30 09:10:00";8051
"2021-05-30 09:20:00";8097
"2021-05-30 09:30:00";8056
"2021-05-30 09:40:00";8116
"2021-05-30 09:50:00";8124
"2021-05-30 10:00:00";8127
"2021-05-30 10:10:00";8251
"2021-05-30 10:20:00";8275
"2021-05-30 10:30:00";8414
"2021-05-30 10:40:00";8585
"2021-05-30 10:50:00";8751
"2021-05-30 11:00:00";9131
"2021-05-30 11:10:00";9470
"2021-05-30 11:20:00";9937
"2021-05-30 11:30:00";10314
"2021-05-30 11:40:00";10552
"2021-05-30 11:50:00";11028
"2021-05-30 12:00:00";11962
"2021-05-30 12:10:00";12919
"2021-05-30 12:20:00";13597
"2021-05-30 12:30:00";14255
"2021-05-30 12:40:00";14858
"2021-05-30 12:50:00";15337
"2021-05-30 13:00:00";16120
"2021-05-30 13:10:00";16978
"2021-05-30 13:20:00";17504
"2021-05-30 13:30:00";17925
"2021-05-30 13:40:00";18417
"2021-05-30 13:50:00";18768
"2021-05-30 14:00:00";18990
"2021-05-30 14:10:00";19129
"2021-05-30 14:20:00";19156
"2021-05-30 14:30:00";19140
"2021-05-30 14:40:00";19054
"2021-05-30 14:50:00";18841
"2021-05-30 15:00:00";18352
"2021-05-30 15:10:00";17827
"2021-05-30 15:20:00";17326
"2021-05-30 15:30:00";17000
"2021-05-30 15:40:00";16609
"2021-05-30 15:50:00";16215
"2021-05-30 16:00:00";15832
"2021-05-30 16:10:00";15628
"2021-05-30 16:20:00";15553
"2021-05-30 16:30:00";15450
"2021-05-30 16:40:00";15226
"2021-05-30 16:50:00";15220
"2021-05-30 17:00:00";15252
"2021-05-30 17:10:00";15276
"2021-05-30 17:20:00";15416
"2021-05-30 17:30:00";15615
"2021-05-30 17:40:00";15789
"2021-05-30 17:50:00";16152
"2021-05-30 18:00:00";16727
"2021-05-30 18:10:00";17308
"2021-05-30 18:20:00";18042
"2021-05-30 18:30:00";18624
"2021-05-30 18:40:00";19198
"2021-05-30 18:50:00";19790
"2021-05-30 19:00:00";20144
"2021-05-30 19:10:00";20800
"2021-05-30 19:20:00";21331
"2021-05-30 19:30:00";21481
"2021-05-30 19:40:00";21574
"2021-05-30 19:50:00";21683
"2021-05-30 20:00:00";21474
"2021-05-30 20:10:00";20886
"2021-05-30 20:20:00";20214
"2021-05-30 20:30:00";19621
"2021-05-30 20:40:00";18992
"2021-05-30 20:50:00";18349
"2021-05-30 21:00:00";17693
"2021-05-30 21:10:00";16912
"2021-05-30 21:20:00";16084
"2021-05-30 21:30:00";15407
"2021-05-30 21:40:00";14723
"2021-05-30 21:50:00";14084
"2021-05-30 22:00:00";13503
"2021-05-30 22:10:00";12840
"2021-05-30 22:20:00";12241
"2021-05-30 22:30:00";11798
"2021-05-30 22:40:00";11486
"2021-05-30 22:50:00";11236
"2021-05-30 23:00:00";10934
"2021-05-30 23:10:00";10760
"2021-05-30 23:20:00";10557
"2021-05-30 23:30:00";10432
"2021-05-30 23:40:00";10424
"2021-05-30 23:50:00";10378
"2021-05-31 00:00:00";10390
"2021-05-31 00:10:00";10422
"2021-05-31 00:20:00";10520
"2021-05-31 00:30:00";10607
"2021-05-31 00:40:00";10707
"2021-05-31 00:50:00";10814
"2021-05-31 01:00:00";10949
"2021-05-31 01:10:00";11146
"2021-05-31 01:20:00";11388
"2021-05-31 01:30:00";11635
"2021-05-31 01:40:00";11937
"2021-05-31 01:50:00";12112
"2021-05-31 02:00:00";12193
"2021-05-31 02:10:00";12049
"2021-05-31 02:20:00";12151
"2021-05-31 02:30:00";12215
"2021-05-31 02:40:00";12126
"2021-05-31 02:50:00";12109
"2021-05-31 03:00:00";12132
"2021-05-31 03:10:00";11879
"2021-05-31 03:20:00";11774
"2021-05-31 03:30:00";11574
"2021-05-31 03:40:00";11549
"2021-05-31 03:50:00";11485
"2021-05-31 04:00:00";11208
"2021-05-31 04:10:00";10920
"2021-05-31 04:20:00";10809
"2021-05-31 04:30:00";10619
"2021-05-31 04:40:00";10486
"2021-05-31 04:50:00";10075
"2021-05-31 05:00:00";9681
"2021-05-31 05:10:00";9206
"2021-05-31 05:20:00";8911
"2021-05-31 05:30:00";8612
"2021-05-31 05:40:00";8265
"2021-05-31 05:50:00";7999
"2021-05-31 06:00:00";7754
"2021-05-31 06:10:00";7512
"2021-05-31 06:20:00";7255
"2021-05-31 06:30:00";6987
"2021-05-31 06:40:00";6773
"2021-05-31 06:50:00";6571
"2021-05-31 07:00:00";6460
"2021-05-31 07:10:00";6302
"2021-05-31 07:20:00";6185
"2021-05-31 07:30:00";6005
"2021-05-31 07:40:00";5969
"2021-05-31 07:50:00";5828
"2021-05-31 08:00:00";5774
"2021-05-31 08:10:00";5775
"2021-05-31 08:20:00";5738
"2021-05-31 08:30:00";5748
"2021-05-31 08:40:00";5783
"2021-05-31 08:50:00";5749
"2021-05-31 09:00:00";5766
"2021-05-31 09:10:00";5744
"2021-05-31 09:20:00";5701
"2021-05-31 09:30:00";5678
"2021-05-31 09:40:00";5689
"2021-05-31 09:50:00";5746
"2021-05-31 10:00:00";5723
"2021-05-31 10:10:00";5781
"2021-05-31 10:20:00";5890
"2021-05-31 10:30:00";6022
"2021-05-31 10:40:00";6078
"2021-05-31 10:50:00";6189
"2021-05-31 11:00:00";6282
"2021-05-31 11:10:00";6449
"2021-05-31 11:20:00";6564
"2021-05-31 11:30:00";6791
"2021-05-31 11:40:00";7084
"2021-05-31 11:50:00";7431
"2021-05-31 12:00:00";7858
"2021-05-31 12:10:00";8412
"2021-05-31 12:20:00";8890
"2021-05-31 12:30:00";9278
"2021-05-31 12:40:00";9876
"2021-05-31 12:50:00";10340
"2021-05-31 13:00:00";10917
"2021-05-31 13:10:00";11584
"2021-05-31 13:20:00";12210
"2021-05-31 13:30:00";12692
"2021-05-31 13:40:00";13157
"2021-05-31 13:50:00";13472
"2021-05-31 14:00:00";13785
"2021-05-31 14:10:00";14121
"2021-05-31 14:20:00";14359
"2021-05-31 14:30:00";14439
"2021-05-31 14:40:00";14492
"2021-05-31 14:50:00";14449
"2021-05-31 15:00:00";14421
"2021-05-31 15:10:00";14123
"2021-05-31 15:20:00";13803
"2021-05-31 15:30:00";13439
"2021-05-31 15:40:00";13418
"2021-05-31 15:50:00";13222
"2021-05-31 16:00:00";13202
"2021-05-31 16:10:00";13025
"2021-05-31 16:20:00";12805
"2021-05-31 16:30:00";12811
"2021-05-31 16:40:00";12891
"2021-05-31 16:50:00";13002
"2021-05-31 17:00:00";12890
"2021-05-31 17:10:00";12890
"2021-05-31 17:20:00";13045
"2021-05-31 17:30:00";13273
"2021-05-31 17:40:00";13459
"2021-05-31 17:50:00";13731
"2021-05-31 18:00:00";14093
"2021-05-31 18:10:00";14564
"2021-05-31 18:20:00";15023
"2021-05-31 18:30:00";15437
"2021-05-31 18:40:00";16068
"2021-05-31 18:50:00";16753
"2021-05-31 19:00:00";17264
"2021-05-31 19:10:00";17828
"2021-05-31 19:20:00";18135
"2021-05-31 19:30:00";18600
"2021-05-31 19:40:00";18755
"2021-05-31 19:50:00";18776
"2021-05-31 20:00:00";18633
"2021-05-31 20:10:00";18247
"2021-05-31 20:20:00";17931
"2021-05-31 20:30:00";17589